date,canton,name,source
2026-01-01,AG,Neujahrstag,"python-holidays 0.105, category public"
2026-01-01,AI,Neujahrstag,"python-holidays 0.105, category public"
2026-01-01,AR,Neujahrstag,"python-holidays 0.105, category public"
2026-01-01,BE,Neujahrstag,"python-holidays 0.105, category public"
2026-01-01,BL,Neujahrstag,"python-holidays 0.105, category public"
2026-01-01,BS,Neujahrstag,"python-holidays 0.105, category public"
2026-01-01,FR,Neujahrstag,"python-holidays 0.105, category public"
2026-01-01,GE,Neujahrstag,"python-holidays 0.105, category public"
2026-01-01,GL,Neujahrstag,"python-holidays 0.105, category public"
2026-01-01,GR,Neujahrstag,"python-holidays 0.105, category public"
2026-01-01,JU,Neujahrstag,"python-holidays 0.105, category public"
2026-01-01,LU,Neujahrstag,"python-holidays 0.105, category public"
2026-01-01,NE,Neujahrstag,"python-holidays 0.105, category public"
2026-01-01,NW,Neujahrstag,"python-holidays 0.105, category public"
2026-01-01,OW,Neujahrstag,"python-holidays 0.105, category public"
2026-01-01,SG,Neujahrstag,"python-holidays 0.105, category public"
2026-01-01,SH,Neujahrstag,"python-holidays 0.105, category public"
2026-01-01,SO,Neujahrstag,"python-holidays 0.105, category public"
2026-01-01,SZ,Neujahrstag,"python-holidays 0.105, category public"
2026-01-01,TG,Neujahrstag,"python-holidays 0.105, category public"
2026-01-01,TI,Neujahrstag,"python-holidays 0.105, category public"
2026-01-01,UR,Neujahrstag,"python-holidays 0.105, category public"
2026-01-01,VD,Neujahrstag,"python-holidays 0.105, category public"
2026-01-01,VS,Neujahrstag,"python-holidays 0.105, category public"
2026-01-01,ZG,Neujahrstag,"python-holidays 0.105, category public"
2026-01-01,ZH,Neujahrstag,"python-holidays 0.105, category public"
2026-01-02,AG,Berchtoldstag,"python-holidays 0.105, category public"
2026-01-02,BE,Berchtoldstag,"python-holidays 0.105, category public"
2026-01-02,JU,Berchtoldstag,"python-holidays 0.105, category public"
2026-01-02,LU,Berchtoldstag,"python-holidays 0.105, category public"
2026-01-02,TG,Berchtoldstag,"python-holidays 0.105, category public"
2026-01-02,VD,Berchtoldstag,"python-holidays 0.105, category public"
2026-01-06,SZ,Heilige Drei Könige,"python-holidays 0.105, category public"
2026-01-06,TI,Heilige Drei Könige,"python-holidays 0.105, category public"
2026-01-06,UR,Heilige Drei Könige,"python-holidays 0.105, category public"
2026-03-01,NE,Jahrestag der Ausrufung der Republik,"python-holidays 0.105, category public"
2026-03-19,NW,Josefstag,"python-holidays 0.105, category public"
2026-03-19,SZ,Josefstag,"python-holidays 0.105, category public"
2026-03-19,TI,Josefstag,"python-holidays 0.105, category public"
2026-03-19,UR,Josefstag,"python-holidays 0.105, category public"
2026-03-19,VS,Josefstag,"python-holidays 0.105, category public"
2026-04-03,AG,Karfreitag,"python-holidays 0.105, category public"
2026-04-03,AI,Karfreitag,"python-holidays 0.105, category public"
2026-04-03,AR,Karfreitag,"python-holidays 0.105, category public"
2026-04-03,BE,Karfreitag,"python-holidays 0.105, category public"
2026-04-03,BL,Karfreitag,"python-holidays 0.105, category public"
2026-04-03,BS,Karfreitag,"python-holidays 0.105, category public"
2026-04-03,FR,Karfreitag,"python-holidays 0.105, category public"
2026-04-03,GE,Karfreitag,"python-holidays 0.105, category public"
2026-04-03,GL,Karfreitag,"python-holidays 0.105, category public"
2026-04-03,JU,Karfreitag,"python-holidays 0.105, category public"
2026-04-03,LU,Karfreitag,"python-holidays 0.105, category public"
2026-04-03,NE,Karfreitag,"python-holidays 0.105, category public"
2026-04-03,NW,Karfreitag,"python-holidays 0.105, category public"
2026-04-03,OW,Karfreitag,"python-holidays 0.105, category public"
2026-04-03,SG,Karfreitag,"python-holidays 0.105, category public"
2026-04-03,SH,Karfreitag,"python-holidays 0.105, category public"
2026-04-03,SO,Karfreitag,"python-holidays 0.105, category public"
2026-04-03,SZ,Karfreitag,"python-holidays 0.105, category public"
2026-04-03,TG,Karfreitag,"python-holidays 0.105, category public"
2026-04-03,UR,Karfreitag,"python-holidays 0.105, category public"
2026-04-03,VD,Karfreitag,"python-holidays 0.105, category public"
2026-04-03,ZG,Karfreitag,"python-holidays 0.105, category public"
2026-04-03,ZH,Karfreitag,"python-holidays 0.105, category public"
2026-04-06,AG,Ostermontag,"python-holidays 0.105, category public"
2026-04-06,AI,Ostermontag,"python-holidays 0.105, category public"
2026-04-06,AR,Ostermontag,"python-holidays 0.105, category public"
2026-04-06,BE,Ostermontag,"python-holidays 0.105, category public"
2026-04-06,BL,Ostermontag,"python-holidays 0.105, category public"
2026-04-06,BS,Ostermontag,"python-holidays 0.105, category public"
2026-04-06,GE,Ostermontag,"python-holidays 0.105, category public"
2026-04-06,GL,Ostermontag,"python-holidays 0.105, category public"
2026-04-06,GR,Ostermontag,"python-holidays 0.105, category public"
2026-04-06,JU,Ostermontag,"python-holidays 0.105, category public"
2026-04-06,LU,Ostermontag,"python-holidays 0.105, category public"
2026-04-06,SG,Ostermontag,"python-holidays 0.105, category public"
2026-04-06,SH,Ostermontag,"python-holidays 0.105, category public"
2026-04-06,SZ,Ostermontag,"python-holidays 0.105, category public"
2026-04-06,TG,Ostermontag,"python-holidays 0.105, category public"
2026-04-06,TI,Ostermontag,"python-holidays 0.105, category public"
2026-04-06,UR,Ostermontag,"python-holidays 0.105, category public"
2026-04-06,VD,Ostermontag,"python-holidays 0.105, category public"
2026-04-06,ZH,Ostermontag,"python-holidays 0.105, category public"
2026-04-09,GL,Näfelser Fahrt,"python-holidays 0.105, category public"
2026-05-01,AG,Tag der Arbeit,"python-holidays 0.105, category public"
2026-05-01,BL,Tag der Arbeit,"python-holidays 0.105, category public"
2026-05-01,BS,Tag der Arbeit,"python-holidays 0.105, category public"
2026-05-01,JU,Tag der Arbeit,"python-holidays 0.105, category public"
2026-05-01,NE,Tag der Arbeit,"python-holidays 0.105, category public"
2026-05-01,SH,Tag der Arbeit,"python-holidays 0.105, category public"
2026-05-01,TG,Tag der Arbeit,"python-holidays 0.105, category public"
2026-05-01,TI,Tag der Arbeit,"python-holidays 0.105, category public"
2026-05-01,ZH,Tag der Arbeit,"python-holidays 0.105, category public"
2026-05-14,AG,Auffahrt,"python-holidays 0.105, category public"
2026-05-14,AI,Auffahrt,"python-holidays 0.105, category public"
2026-05-14,AR,Auffahrt,"python-holidays 0.105, category public"
2026-05-14,BE,Auffahrt,"python-holidays 0.105, category public"
2026-05-14,BL,Auffahrt,"python-holidays 0.105, category public"
2026-05-14,BS,Auffahrt,"python-holidays 0.105, category public"
2026-05-14,FR,Auffahrt,"python-holidays 0.105, category public"
2026-05-14,GE,Auffahrt,"python-holidays 0.105, category public"
2026-05-14,GL,Auffahrt,"python-holidays 0.105, category public"
2026-05-14,GR,Auffahrt,"python-holidays 0.105, category public"
2026-05-14,JU,Auffahrt,"python-holidays 0.105, category public"
2026-05-14,LU,Auffahrt,"python-holidays 0.105, category public"
2026-05-14,NE,Auffahrt,"python-holidays 0.105, category public"
2026-05-14,NW,Auffahrt,"python-holidays 0.105, category public"
2026-05-14,OW,Auffahrt,"python-holidays 0.105, category public"
2026-05-14,SG,Auffahrt,"python-holidays 0.105, category public"
2026-05-14,SH,Auffahrt,"python-holidays 0.105, category public"
2026-05-14,SO,Auffahrt,"python-holidays 0.105, category public"
2026-05-14,SZ,Auffahrt,"python-holidays 0.105, category public"
2026-05-14,TG,Auffahrt,"python-holidays 0.105, category public"
2026-05-14,TI,Auffahrt,"python-holidays 0.105, category public"
2026-05-14,UR,Auffahrt,"python-holidays 0.105, category public"
2026-05-14,VD,Auffahrt,"python-holidays 0.105, category public"
2026-05-14,VS,Auffahrt,"python-holidays 0.105, category public"
2026-05-14,ZG,Auffahrt,"python-holidays 0.105, category public"
2026-05-14,ZH,Auffahrt,"python-holidays 0.105, category public"
2026-05-25,AG,Pfingstmontag,"python-holidays 0.105, category public"
2026-05-25,AI,Pfingstmontag,"python-holidays 0.105, category public"
2026-05-25,AR,Pfingstmontag,"python-holidays 0.105, category public"
2026-05-25,BE,Pfingstmontag,"python-holidays 0.105, category public"
2026-05-25,BL,Pfingstmontag,"python-holidays 0.105, category public"
2026-05-25,BS,Pfingstmontag,"python-holidays 0.105, category public"
2026-05-25,GE,Pfingstmontag,"python-holidays 0.105, category public"
2026-05-25,GL,Pfingstmontag,"python-holidays 0.105, category public"
2026-05-25,GR,Pfingstmontag,"python-holidays 0.105, category public"
2026-05-25,JU,Pfingstmontag,"python-holidays 0.105, category public"
2026-05-25,LU,Pfingstmontag,"python-holidays 0.105, category public"
2026-05-25,SG,Pfingstmontag,"python-holidays 0.105, category public"
2026-05-25,SH,Pfingstmontag,"python-holidays 0.105, category public"
2026-05-25,SZ,Pfingstmontag,"python-holidays 0.105, category public"
2026-05-25,TG,Pfingstmontag,"python-holidays 0.105, category public"
2026-05-25,TI,Pfingstmontag,"python-holidays 0.105, category public"
2026-05-25,UR,Pfingstmontag,"python-holidays 0.105, category public"
2026-05-25,VD,Pfingstmontag,"python-holidays 0.105, category public"
2026-05-25,ZH,Pfingstmontag,"python-holidays 0.105, category public"
2026-06-04,AG,Fronleichnam,"python-holidays 0.105, category public"
2026-06-04,AI,Fronleichnam,"python-holidays 0.105, category public"
2026-06-04,JU,Fronleichnam,"python-holidays 0.105, category public"
2026-06-04,LU,Fronleichnam,"python-holidays 0.105, category public"
2026-06-04,NE,Fronleichnam,"python-holidays 0.105, category public"
2026-06-04,NW,Fronleichnam,"python-holidays 0.105, category public"
2026-06-04,OW,Fronleichnam,"python-holidays 0.105, category public"
2026-06-04,SZ,Fronleichnam,"python-holidays 0.105, category public"
2026-06-04,TI,Fronleichnam,"python-holidays 0.105, category public"
2026-06-04,UR,Fronleichnam,"python-holidays 0.105, category public"
2026-06-04,VS,Fronleichnam,"python-holidays 0.105, category public"
2026-06-04,ZG,Fronleichnam,"python-holidays 0.105, category public"
2026-06-23,JU,Fest der Unabhängigkeit,"python-holidays 0.105, category public"
2026-06-29,TI,Peter und Paul,"python-holidays 0.105, category public"
2026-08-01,AG,Nationalfeiertag,"python-holidays 0.105, category public"
2026-08-01,AI,Nationalfeiertag,"python-holidays 0.105, category public"
2026-08-01,AR,Nationalfeiertag,"python-holidays 0.105, category public"
2026-08-01,BE,Nationalfeiertag,"python-holidays 0.105, category public"
2026-08-01,BL,Nationalfeiertag,"python-holidays 0.105, category public"
2026-08-01,BS,Nationalfeiertag,"python-holidays 0.105, category public"
2026-08-01,FR,Nationalfeiertag,"python-holidays 0.105, category public"
2026-08-01,GE,Nationalfeiertag,"python-holidays 0.105, category public"
2026-08-01,GL,Nationalfeiertag,"python-holidays 0.105, category public"
2026-08-01,GR,Nationalfeiertag,"python-holidays 0.105, category public"
2026-08-01,JU,Nationalfeiertag,"python-holidays 0.105, category public"
2026-08-01,LU,Nationalfeiertag,"python-holidays 0.105, category public"
2026-08-01,NE,Nationalfeiertag,"python-holidays 0.105, category public"
2026-08-01,NW,Nationalfeiertag,"python-holidays 0.105, category public"
2026-08-01,OW,Nationalfeiertag,"python-holidays 0.105, category public"
2026-08-01,SG,Nationalfeiertag,"python-holidays 0.105, category public"
2026-08-01,SH,Nationalfeiertag,"python-holidays 0.105, category public"
2026-08-01,SO,Nationalfeiertag,"python-holidays 0.105, category public"
2026-08-01,SZ,Nationalfeiertag,"python-holidays 0.105, category public"
2026-08-01,TG,Nationalfeiertag,"python-holidays 0.105, category public"
2026-08-01,TI,Nationalfeiertag,"python-holidays 0.105, category public"
2026-08-01,UR,Nationalfeiertag,"python-holidays 0.105, category public"
2026-08-01,VD,Nationalfeiertag,"python-holidays 0.105, category public"
2026-08-01,VS,Nationalfeiertag,"python-holidays 0.105, category public"
2026-08-01,ZG,Nationalfeiertag,"python-holidays 0.105, category public"
2026-08-01,ZH,Nationalfeiertag,"python-holidays 0.105, category public"
2026-08-15,AG,Mariä Himmelfahrt,"python-holidays 0.105, category public"
2026-08-15,AI,Mariä Himmelfahrt,"python-holidays 0.105, category public"
2026-08-15,JU,Mariä Himmelfahrt,"python-holidays 0.105, category public"
2026-08-15,LU,Mariä Himmelfahrt,"python-holidays 0.105, category public"
2026-08-15,NW,Mariä Himmelfahrt,"python-holidays 0.105, category public"
2026-08-15,OW,Mariä Himmelfahrt,"python-holidays 0.105, category public"
2026-08-15,SZ,Mariä Himmelfahrt,"python-holidays 0.105, category public"
2026-08-15,TI,Mariä Himmelfahrt,"python-holidays 0.105, category public"
2026-08-15,UR,Mariä Himmelfahrt,"python-holidays 0.105, category public"
2026-08-15,VS,Mariä Himmelfahrt,"python-holidays 0.105, category public"
2026-08-15,ZG,Mariä Himmelfahrt,"python-holidays 0.105, category public"
2026-09-10,GE,Genfer Bettag,"python-holidays 0.105, category public"
2026-09-21,VD,Bettagsmontag,"python-holidays 0.105, category public"
2026-09-25,OW,Bruder Klaus,"python-holidays 0.105, category public"
2026-11-01,AG,Allerheiligen,"python-holidays 0.105, category public"
2026-11-01,AI,Allerheiligen,"python-holidays 0.105, category public"
2026-11-01,GL,Allerheiligen,"python-holidays 0.105, category public"
2026-11-01,JU,Allerheiligen,"python-holidays 0.105, category public"
2026-11-01,LU,Allerheiligen,"python-holidays 0.105, category public"
2026-11-01,NW,Allerheiligen,"python-holidays 0.105, category public"
2026-11-01,OW,Allerheiligen,"python-holidays 0.105, category public"
2026-11-01,SG,Allerheiligen,"python-holidays 0.105, category public"
2026-11-01,SZ,Allerheiligen,"python-holidays 0.105, category public"
2026-11-01,TI,Allerheiligen,"python-holidays 0.105, category public"
2026-11-01,UR,Allerheiligen,"python-holidays 0.105, category public"
2026-11-01,VS,Allerheiligen,"python-holidays 0.105, category public"
2026-11-01,ZG,Allerheiligen,"python-holidays 0.105, category public"
2026-12-08,AG,Mariä Empfängnis,"python-holidays 0.105, category public"
2026-12-08,AI,Mariä Empfängnis,"python-holidays 0.105, category public"
2026-12-08,LU,Mariä Empfängnis,"python-holidays 0.105, category public"
2026-12-08,NW,Mariä Empfängnis,"python-holidays 0.105, category public"
2026-12-08,OW,Mariä Empfängnis,"python-holidays 0.105, category public"
2026-12-08,SZ,Mariä Empfängnis,"python-holidays 0.105, category public"
2026-12-08,TI,Mariä Empfängnis,"python-holidays 0.105, category public"
2026-12-08,UR,Mariä Empfängnis,"python-holidays 0.105, category public"
2026-12-08,VS,Mariä Empfängnis,"python-holidays 0.105, category public"
2026-12-08,ZG,Mariä Empfängnis,"python-holidays 0.105, category public"
2026-12-25,AG,Weihnachten,"python-holidays 0.105, category public"
2026-12-25,AI,Weihnachten,"python-holidays 0.105, category public"
2026-12-25,AR,Weihnachten,"python-holidays 0.105, category public"
2026-12-25,BE,Weihnachten,"python-holidays 0.105, category public"
2026-12-25,BL,Weihnachten,"python-holidays 0.105, category public"
2026-12-25,BS,Weihnachten,"python-holidays 0.105, category public"
2026-12-25,FR,Weihnachten,"python-holidays 0.105, category public"
2026-12-25,GE,Weihnachten,"python-holidays 0.105, category public"
2026-12-25,GL,Weihnachten,"python-holidays 0.105, category public"
2026-12-25,GR,Weihnachten,"python-holidays 0.105, category public"
2026-12-25,JU,Weihnachten,"python-holidays 0.105, category public"
2026-12-25,LU,Weihnachten,"python-holidays 0.105, category public"
2026-12-25,NE,Weihnachten,"python-holidays 0.105, category public"
2026-12-25,NW,Weihnachten,"python-holidays 0.105, category public"
2026-12-25,OW,Weihnachten,"python-holidays 0.105, category public"
2026-12-25,SG,Weihnachten,"python-holidays 0.105, category public"
2026-12-25,SH,Weihnachten,"python-holidays 0.105, category public"
2026-12-25,SO,Weihnachten,"python-holidays 0.105, category public"
2026-12-25,SZ,Weihnachten,"python-holidays 0.105, category public"
2026-12-25,TG,Weihnachten,"python-holidays 0.105, category public"
2026-12-25,TI,Weihnachten,"python-holidays 0.105, category public"
2026-12-25,UR,Weihnachten,"python-holidays 0.105, category public"
2026-12-25,VD,Weihnachten,"python-holidays 0.105, category public"
2026-12-25,VS,Weihnachten,"python-holidays 0.105, category public"
2026-12-25,ZG,Weihnachten,"python-holidays 0.105, category public"
2026-12-25,ZH,Weihnachten,"python-holidays 0.105, category public"
2026-12-26,AG,Stephanstag,"python-holidays 0.105, category public"
2026-12-26,BE,Stephanstag,"python-holidays 0.105, category public"
2026-12-26,BL,Stephanstag,"python-holidays 0.105, category public"
2026-12-26,BS,Stephanstag,"python-holidays 0.105, category public"
2026-12-26,GL,Stephanstag,"python-holidays 0.105, category public"
2026-12-26,GR,Stephanstag,"python-holidays 0.105, category public"
2026-12-26,LU,Stephanstag,"python-holidays 0.105, category public"
2026-12-26,SG,Stephanstag,"python-holidays 0.105, category public"
2026-12-26,SH,Stephanstag,"python-holidays 0.105, category public"
2026-12-26,SZ,Stephanstag,"python-holidays 0.105, category public"
2026-12-26,TG,Stephanstag,"python-holidays 0.105, category public"
2026-12-26,TI,Stephanstag,"python-holidays 0.105, category public"
2026-12-26,ZH,Stephanstag,"python-holidays 0.105, category public"
2026-12-31,GE,Wiederherstellung der Republik,"python-holidays 0.105, category public"
2027-01-01,AG,Neujahrstag,"python-holidays 0.105, category public"
2027-01-01,AI,Neujahrstag,"python-holidays 0.105, category public"
2027-01-01,AR,Neujahrstag,"python-holidays 0.105, category public"
2027-01-01,BE,Neujahrstag,"python-holidays 0.105, category public"
2027-01-01,BL,Neujahrstag,"python-holidays 0.105, category public"
2027-01-01,BS,Neujahrstag,"python-holidays 0.105, category public"
2027-01-01,FR,Neujahrstag,"python-holidays 0.105, category public"
2027-01-01,GE,Neujahrstag,"python-holidays 0.105, category public"
2027-01-01,GL,Neujahrstag,"python-holidays 0.105, category public"
2027-01-01,GR,Neujahrstag,"python-holidays 0.105, category public"
2027-01-01,JU,Neujahrstag,"python-holidays 0.105, category public"
2027-01-01,LU,Neujahrstag,"python-holidays 0.105, category public"
2027-01-01,NE,Neujahrstag,"python-holidays 0.105, category public"
2027-01-01,NW,Neujahrstag,"python-holidays 0.105, category public"
2027-01-01,OW,Neujahrstag,"python-holidays 0.105, category public"
2027-01-01,SG,Neujahrstag,"python-holidays 0.105, category public"
2027-01-01,SH,Neujahrstag,"python-holidays 0.105, category public"
2027-01-01,SO,Neujahrstag,"python-holidays 0.105, category public"
2027-01-01,SZ,Neujahrstag,"python-holidays 0.105, category public"
2027-01-01,TG,Neujahrstag,"python-holidays 0.105, category public"
2027-01-01,TI,Neujahrstag,"python-holidays 0.105, category public"
2027-01-01,UR,Neujahrstag,"python-holidays 0.105, category public"
2027-01-01,VD,Neujahrstag,"python-holidays 0.105, category public"
2027-01-01,VS,Neujahrstag,"python-holidays 0.105, category public"
2027-01-01,ZG,Neujahrstag,"python-holidays 0.105, category public"
2027-01-01,ZH,Neujahrstag,"python-holidays 0.105, category public"
2027-01-02,AG,Berchtoldstag,"python-holidays 0.105, category public"
2027-01-02,BE,Berchtoldstag,"python-holidays 0.105, category public"
2027-01-02,JU,Berchtoldstag,"python-holidays 0.105, category public"
2027-01-02,LU,Berchtoldstag,"python-holidays 0.105, category public"
2027-01-02,TG,Berchtoldstag,"python-holidays 0.105, category public"
2027-01-02,VD,Berchtoldstag,"python-holidays 0.105, category public"
2027-01-06,SZ,Heilige Drei Könige,"python-holidays 0.105, category public"
2027-01-06,TI,Heilige Drei Könige,"python-holidays 0.105, category public"
2027-01-06,UR,Heilige Drei Könige,"python-holidays 0.105, category public"
2027-03-01,NE,Jahrestag der Ausrufung der Republik,"python-holidays 0.105, category public"
2027-03-19,NW,Josefstag,"python-holidays 0.105, category public"
2027-03-19,SZ,Josefstag,"python-holidays 0.105, category public"
2027-03-19,TI,Josefstag,"python-holidays 0.105, category public"
2027-03-19,UR,Josefstag,"python-holidays 0.105, category public"
2027-03-19,VS,Josefstag,"python-holidays 0.105, category public"
2027-03-26,AG,Karfreitag,"python-holidays 0.105, category public"
2027-03-26,AI,Karfreitag,"python-holidays 0.105, category public"
2027-03-26,AR,Karfreitag,"python-holidays 0.105, category public"
2027-03-26,BE,Karfreitag,"python-holidays 0.105, category public"
2027-03-26,BL,Karfreitag,"python-holidays 0.105, category public"
2027-03-26,BS,Karfreitag,"python-holidays 0.105, category public"
2027-03-26,FR,Karfreitag,"python-holidays 0.105, category public"
2027-03-26,GE,Karfreitag,"python-holidays 0.105, category public"
2027-03-26,GL,Karfreitag,"python-holidays 0.105, category public"
2027-03-26,JU,Karfreitag,"python-holidays 0.105, category public"
2027-03-26,LU,Karfreitag,"python-holidays 0.105, category public"
2027-03-26,NE,Karfreitag,"python-holidays 0.105, category public"
2027-03-26,NW,Karfreitag,"python-holidays 0.105, category public"
2027-03-26,OW,Karfreitag,"python-holidays 0.105, category public"
2027-03-26,SG,Karfreitag,"python-holidays 0.105, category public"
2027-03-26,SH,Karfreitag,"python-holidays 0.105, category public"
2027-03-26,SO,Karfreitag,"python-holidays 0.105, category public"
2027-03-26,SZ,Karfreitag,"python-holidays 0.105, category public"
2027-03-26,TG,Karfreitag,"python-holidays 0.105, category public"
2027-03-26,UR,Karfreitag,"python-holidays 0.105, category public"
2027-03-26,VD,Karfreitag,"python-holidays 0.105, category public"
2027-03-26,ZG,Karfreitag,"python-holidays 0.105, category public"
2027-03-26,ZH,Karfreitag,"python-holidays 0.105, category public"
2027-03-29,AG,Ostermontag,"python-holidays 0.105, category public"
2027-03-29,AI,Ostermontag,"python-holidays 0.105, category public"
2027-03-29,AR,Ostermontag,"python-holidays 0.105, category public"
2027-03-29,BE,Ostermontag,"python-holidays 0.105, category public"
2027-03-29,BL,Ostermontag,"python-holidays 0.105, category public"
2027-03-29,BS,Ostermontag,"python-holidays 0.105, category public"
2027-03-29,GE,Ostermontag,"python-holidays 0.105, category public"
2027-03-29,GL,Ostermontag,"python-holidays 0.105, category public"
2027-03-29,GR,Ostermontag,"python-holidays 0.105, category public"
2027-03-29,JU,Ostermontag,"python-holidays 0.105, category public"
2027-03-29,LU,Ostermontag,"python-holidays 0.105, category public"
2027-03-29,SG,Ostermontag,"python-holidays 0.105, category public"
2027-03-29,SH,Ostermontag,"python-holidays 0.105, category public"
2027-03-29,SZ,Ostermontag,"python-holidays 0.105, category public"
2027-03-29,TG,Ostermontag,"python-holidays 0.105, category public"
2027-03-29,TI,Ostermontag,"python-holidays 0.105, category public"
2027-03-29,UR,Ostermontag,"python-holidays 0.105, category public"
2027-03-29,VD,Ostermontag,"python-holidays 0.105, category public"
2027-03-29,ZH,Ostermontag,"python-holidays 0.105, category public"
2027-04-01,GL,Näfelser Fahrt,"python-holidays 0.105, category public"
2027-05-01,AG,Tag der Arbeit,"python-holidays 0.105, category public"
2027-05-01,BL,Tag der Arbeit,"python-holidays 0.105, category public"
2027-05-01,BS,Tag der Arbeit,"python-holidays 0.105, category public"
2027-05-01,JU,Tag der Arbeit,"python-holidays 0.105, category public"
2027-05-01,NE,Tag der Arbeit,"python-holidays 0.105, category public"
2027-05-01,SH,Tag der Arbeit,"python-holidays 0.105, category public"
2027-05-01,TG,Tag der Arbeit,"python-holidays 0.105, category public"
2027-05-01,TI,Tag der Arbeit,"python-holidays 0.105, category public"
2027-05-01,ZH,Tag der Arbeit,"python-holidays 0.105, category public"
2027-05-06,AG,Auffahrt,"python-holidays 0.105, category public"
2027-05-06,AI,Auffahrt,"python-holidays 0.105, category public"
2027-05-06,AR,Auffahrt,"python-holidays 0.105, category public"
2027-05-06,BE,Auffahrt,"python-holidays 0.105, category public"
2027-05-06,BL,Auffahrt,"python-holidays 0.105, category public"
2027-05-06,BS,Auffahrt,"python-holidays 0.105, category public"
2027-05-06,FR,Auffahrt,"python-holidays 0.105, category public"
2027-05-06,GE,Auffahrt,"python-holidays 0.105, category public"
2027-05-06,GL,Auffahrt,"python-holidays 0.105, category public"
2027-05-06,GR,Auffahrt,"python-holidays 0.105, category public"
2027-05-06,JU,Auffahrt,"python-holidays 0.105, category public"
2027-05-06,LU,Auffahrt,"python-holidays 0.105, category public"
2027-05-06,NE,Auffahrt,"python-holidays 0.105, category public"
2027-05-06,NW,Auffahrt,"python-holidays 0.105, category public"
2027-05-06,OW,Auffahrt,"python-holidays 0.105, category public"
2027-05-06,SG,Auffahrt,"python-holidays 0.105, category public"
2027-05-06,SH,Auffahrt,"python-holidays 0.105, category public"
2027-05-06,SO,Auffahrt,"python-holidays 0.105, category public"
2027-05-06,SZ,Auffahrt,"python-holidays 0.105, category public"
2027-05-06,TG,Auffahrt,"python-holidays 0.105, category public"
2027-05-06,TI,Auffahrt,"python-holidays 0.105, category public"
2027-05-06,UR,Auffahrt,"python-holidays 0.105, category public"
2027-05-06,VD,Auffahrt,"python-holidays 0.105, category public"
2027-05-06,VS,Auffahrt,"python-holidays 0.105, category public"
2027-05-06,ZG,Auffahrt,"python-holidays 0.105, category public"
2027-05-06,ZH,Auffahrt,"python-holidays 0.105, category public"
2027-05-17,AG,Pfingstmontag,"python-holidays 0.105, category public"
2027-05-17,AI,Pfingstmontag,"python-holidays 0.105, category public"
2027-05-17,AR,Pfingstmontag,"python-holidays 0.105, category public"
2027-05-17,BE,Pfingstmontag,"python-holidays 0.105, category public"
2027-05-17,BL,Pfingstmontag,"python-holidays 0.105, category public"
2027-05-17,BS,Pfingstmontag,"python-holidays 0.105, category public"
2027-05-17,GE,Pfingstmontag,"python-holidays 0.105, category public"
2027-05-17,GL,Pfingstmontag,"python-holidays 0.105, category public"
2027-05-17,GR,Pfingstmontag,"python-holidays 0.105, category public"
2027-05-17,JU,Pfingstmontag,"python-holidays 0.105, category public"
2027-05-17,LU,Pfingstmontag,"python-holidays 0.105, category public"
2027-05-17,SG,Pfingstmontag,"python-holidays 0.105, category public"
2027-05-17,SH,Pfingstmontag,"python-holidays 0.105, category public"
2027-05-17,SZ,Pfingstmontag,"python-holidays 0.105, category public"
2027-05-17,TG,Pfingstmontag,"python-holidays 0.105, category public"
2027-05-17,TI,Pfingstmontag,"python-holidays 0.105, category public"
2027-05-17,UR,Pfingstmontag,"python-holidays 0.105, category public"
2027-05-17,VD,Pfingstmontag,"python-holidays 0.105, category public"
2027-05-17,ZH,Pfingstmontag,"python-holidays 0.105, category public"
2027-05-27,AG,Fronleichnam,"python-holidays 0.105, category public"
2027-05-27,AI,Fronleichnam,"python-holidays 0.105, category public"
2027-05-27,JU,Fronleichnam,"python-holidays 0.105, category public"
2027-05-27,LU,Fronleichnam,"python-holidays 0.105, category public"
2027-05-27,NE,Fronleichnam,"python-holidays 0.105, category public"
2027-05-27,NW,Fronleichnam,"python-holidays 0.105, category public"
2027-05-27,OW,Fronleichnam,"python-holidays 0.105, category public"
2027-05-27,SZ,Fronleichnam,"python-holidays 0.105, category public"
2027-05-27,TI,Fronleichnam,"python-holidays 0.105, category public"
2027-05-27,UR,Fronleichnam,"python-holidays 0.105, category public"
2027-05-27,VS,Fronleichnam,"python-holidays 0.105, category public"
2027-05-27,ZG,Fronleichnam,"python-holidays 0.105, category public"
2027-06-23,JU,Fest der Unabhängigkeit,"python-holidays 0.105, category public"
2027-06-29,TI,Peter und Paul,"python-holidays 0.105, category public"
2027-08-01,AG,Nationalfeiertag,"python-holidays 0.105, category public"
2027-08-01,AI,Nationalfeiertag,"python-holidays 0.105, category public"
2027-08-01,AR,Nationalfeiertag,"python-holidays 0.105, category public"
2027-08-01,BE,Nationalfeiertag,"python-holidays 0.105, category public"
2027-08-01,BL,Nationalfeiertag,"python-holidays 0.105, category public"
2027-08-01,BS,Nationalfeiertag,"python-holidays 0.105, category public"
2027-08-01,FR,Nationalfeiertag,"python-holidays 0.105, category public"
2027-08-01,GE,Nationalfeiertag,"python-holidays 0.105, category public"
2027-08-01,GL,Nationalfeiertag,"python-holidays 0.105, category public"
2027-08-01,GR,Nationalfeiertag,"python-holidays 0.105, category public"
2027-08-01,JU,Nationalfeiertag,"python-holidays 0.105, category public"
2027-08-01,LU,Nationalfeiertag,"python-holidays 0.105, category public"
2027-08-01,NE,Nationalfeiertag,"python-holidays 0.105, category public"
2027-08-01,NW,Nationalfeiertag,"python-holidays 0.105, category public"
2027-08-01,OW,Nationalfeiertag,"python-holidays 0.105, category public"
2027-08-01,SG,Nationalfeiertag,"python-holidays 0.105, category public"
2027-08-01,SH,Nationalfeiertag,"python-holidays 0.105, category public"
2027-08-01,SO,Nationalfeiertag,"python-holidays 0.105, category public"
2027-08-01,SZ,Nationalfeiertag,"python-holidays 0.105, category public"
2027-08-01,TG,Nationalfeiertag,"python-holidays 0.105, category public"
2027-08-01,TI,Nationalfeiertag,"python-holidays 0.105, category public"
2027-08-01,UR,Nationalfeiertag,"python-holidays 0.105, category public"
2027-08-01,VD,Nationalfeiertag,"python-holidays 0.105, category public"
2027-08-01,VS,Nationalfeiertag,"python-holidays 0.105, category public"
2027-08-01,ZG,Nationalfeiertag,"python-holidays 0.105, category public"
2027-08-01,ZH,Nationalfeiertag,"python-holidays 0.105, category public"
2027-08-15,AG,Mariä Himmelfahrt,"python-holidays 0.105, category public"
2027-08-15,AI,Mariä Himmelfahrt,"python-holidays 0.105, category public"
2027-08-15,JU,Mariä Himmelfahrt,"python-holidays 0.105, category public"
2027-08-15,LU,Mariä Himmelfahrt,"python-holidays 0.105, category public"
2027-08-15,NW,Mariä Himmelfahrt,"python-holidays 0.105, category public"
2027-08-15,OW,Mariä Himmelfahrt,"python-holidays 0.105, category public"
2027-08-15,SZ,Mariä Himmelfahrt,"python-holidays 0.105, category public"
2027-08-15,TI,Mariä Himmelfahrt,"python-holidays 0.105, category public"
2027-08-15,UR,Mariä Himmelfahrt,"python-holidays 0.105, category public"
2027-08-15,VS,Mariä Himmelfahrt,"python-holidays 0.105, category public"
2027-08-15,ZG,Mariä Himmelfahrt,"python-holidays 0.105, category public"
2027-09-09,GE,Genfer Bettag,"python-holidays 0.105, category public"
2027-09-20,VD,Bettagsmontag,"python-holidays 0.105, category public"
2027-09-25,OW,Bruder Klaus,"python-holidays 0.105, category public"
2027-11-01,AG,Allerheiligen,"python-holidays 0.105, category public"
2027-11-01,AI,Allerheiligen,"python-holidays 0.105, category public"
2027-11-01,GL,Allerheiligen,"python-holidays 0.105, category public"
2027-11-01,JU,Allerheiligen,"python-holidays 0.105, category public"
2027-11-01,LU,Allerheiligen,"python-holidays 0.105, category public"
2027-11-01,NW,Allerheiligen,"python-holidays 0.105, category public"
2027-11-01,OW,Allerheiligen,"python-holidays 0.105, category public"
2027-11-01,SG,Allerheiligen,"python-holidays 0.105, category public"
2027-11-01,SZ,Allerheiligen,"python-holidays 0.105, category public"
2027-11-01,TI,Allerheiligen,"python-holidays 0.105, category public"
2027-11-01,UR,Allerheiligen,"python-holidays 0.105, category public"
2027-11-01,VS,Allerheiligen,"python-holidays 0.105, category public"
2027-11-01,ZG,Allerheiligen,"python-holidays 0.105, category public"
2027-12-08,AG,Mariä Empfängnis,"python-holidays 0.105, category public"
2027-12-08,AI,Mariä Empfängnis,"python-holidays 0.105, category public"
2027-12-08,LU,Mariä Empfängnis,"python-holidays 0.105, category public"
2027-12-08,NW,Mariä Empfängnis,"python-holidays 0.105, category public"
2027-12-08,OW,Mariä Empfängnis,"python-holidays 0.105, category public"
2027-12-08,SZ,Mariä Empfängnis,"python-holidays 0.105, category public"
2027-12-08,TI,Mariä Empfängnis,"python-holidays 0.105, category public"
2027-12-08,UR,Mariä Empfängnis,"python-holidays 0.105, category public"
2027-12-08,VS,Mariä Empfängnis,"python-holidays 0.105, category public"
2027-12-08,ZG,Mariä Empfängnis,"python-holidays 0.105, category public"
2027-12-25,AG,Weihnachten,"python-holidays 0.105, category public"
2027-12-25,AI,Weihnachten,"python-holidays 0.105, category public"
2027-12-25,AR,Weihnachten,"python-holidays 0.105, category public"
2027-12-25,BE,Weihnachten,"python-holidays 0.105, category public"
2027-12-25,BL,Weihnachten,"python-holidays 0.105, category public"
2027-12-25,BS,Weihnachten,"python-holidays 0.105, category public"
2027-12-25,FR,Weihnachten,"python-holidays 0.105, category public"
2027-12-25,GE,Weihnachten,"python-holidays 0.105, category public"
2027-12-25,GL,Weihnachten,"python-holidays 0.105, category public"
2027-12-25,GR,Weihnachten,"python-holidays 0.105, category public"
2027-12-25,JU,Weihnachten,"python-holidays 0.105, category public"
2027-12-25,LU,Weihnachten,"python-holidays 0.105, category public"
2027-12-25,NE,Weihnachten,"python-holidays 0.105, category public"
2027-12-25,NW,Weihnachten,"python-holidays 0.105, category public"
2027-12-25,OW,Weihnachten,"python-holidays 0.105, category public"
2027-12-25,SG,Weihnachten,"python-holidays 0.105, category public"
2027-12-25,SH,Weihnachten,"python-holidays 0.105, category public"
2027-12-25,SO,Weihnachten,"python-holidays 0.105, category public"
2027-12-25,SZ,Weihnachten,"python-holidays 0.105, category public"
2027-12-25,TG,Weihnachten,"python-holidays 0.105, category public"
2027-12-25,TI,Weihnachten,"python-holidays 0.105, category public"
2027-12-25,UR,Weihnachten,"python-holidays 0.105, category public"
2027-12-25,VD,Weihnachten,"python-holidays 0.105, category public"
2027-12-25,VS,Weihnachten,"python-holidays 0.105, category public"
2027-12-25,ZG,Weihnachten,"python-holidays 0.105, category public"
2027-12-25,ZH,Weihnachten,"python-holidays 0.105, category public"
2027-12-26,AG,Stephanstag,"python-holidays 0.105, category public"
2027-12-26,AI,Stephanstag,"python-holidays 0.105, category public"
2027-12-26,AR,Stephanstag,"python-holidays 0.105, category public"
2027-12-26,BE,Stephanstag,"python-holidays 0.105, category public"
2027-12-26,BL,Stephanstag,"python-holidays 0.105, category public"
2027-12-26,BS,Stephanstag,"python-holidays 0.105, category public"
2027-12-26,GL,Stephanstag,"python-holidays 0.105, category public"
2027-12-26,GR,Stephanstag,"python-holidays 0.105, category public"
2027-12-26,LU,Stephanstag,"python-holidays 0.105, category public"
2027-12-26,SG,Stephanstag,"python-holidays 0.105, category public"
2027-12-26,SH,Stephanstag,"python-holidays 0.105, category public"
2027-12-26,SZ,Stephanstag,"python-holidays 0.105, category public"
2027-12-26,TG,Stephanstag,"python-holidays 0.105, category public"
2027-12-26,TI,Stephanstag,"python-holidays 0.105, category public"
2027-12-26,UR,Stephanstag,"python-holidays 0.105, category public"
2027-12-26,ZH,Stephanstag,"python-holidays 0.105, category public"
2027-12-31,GE,Wiederherstellung der Republik,"python-holidays 0.105, category public"
